"split","image","expected_depth_dir","image_stem","near_depth_candidates"
"train","F:\YOLO\YOLO_custom\yolo-dinobackbone-bypassdepth\seg_data_yolo\images\train\IMG_7398.JPG","F:\YOLO\YOLO_custom\yolo-dinobackbone-bypassdepth\depth_data\depth_train","IMG_7398",""
"train","F:\YOLO\YOLO_custom\yolo-dinobackbone-bypassdepth\seg_data_yolo\images\train\IMG_7399.JPG","F:\YOLO\YOLO_custom\yolo-dinobackbone-bypassdepth\depth_data\depth_train","IMG_7399",""
"train","F:\YOLO\YOLO_custom\yolo-dinobackbone-bypassdepth\seg_data_yolo\images\train\IMG_7400.JPG","F:\YOLO\YOLO_custom\yolo-dinobackbone-bypassdepth\depth_data\depth_train","IMG_7400",""
"train","F:\YOLO\YOLO_custom\yolo-dinobackbone-bypassdepth\seg_data_yolo\images\train\IMG_7402.JPG","F:\YOLO\YOLO_custom\yolo-dinobackbone-bypassdepth\depth_data\depth_train","IMG_7402",""
"train","F:\YOLO\YOLO_custom\yolo-dinobackbone-bypassdepth\seg_data_yolo\images\train\IMG_7404.JPG","F:\YOLO\YOLO_custom\yolo-dinobackbone-bypassdepth\depth_data\depth_train","IMG_7404",""
"train","F:\YOLO\YOLO_custom\yolo-dinobackbone-bypassdepth\seg_data_yolo\images\train\IMG_7405.JPG","F:\YOLO\YOLO_custom\yolo-dinobackbone-bypassdepth\depth_data\depth_train","IMG_7405",""
"train","F:\YOLO\YOLO_custom\yolo-dinobackbone-bypassdepth\seg_data_yolo\images\train\IMG_7406.JPG","F:\YOLO\YOLO_custom\yolo-dinobackbone-bypassdepth\depth_data\depth_train","IMG_7406",""
"train","F:\YOLO\YOLO_custom\yolo-dinobackbone-bypassdepth\seg_data_yolo\images\train\IMG_7408.JPG","F:\YOLO\YOLO_custom\yolo-dinobackbone-bypassdepth\depth_data\depth_train","IMG_7408",""
"train","F:\YOLO\YOLO_custom\yolo-dinobackbone-bypassdepth\seg_data_yolo\images\train\IMG_7409.JPG","F:\YOLO\YOLO_custom\yolo-dinobackbone-bypassdepth\depth_data\depth_train","IMG_7409",""
"train","F:\YOLO\YOLO_custom\yolo-dinobackbone-bypassdepth\seg_data_yolo\images\train\IMG_7410.JPG","F:\YOLO\YOLO_custom\yolo-dinobackbone-bypassdepth\depth_data\depth_train","IMG_7410",""
"train","F:\YOLO\YOLO_custom\yolo-dinobackbone-bypassdepth\seg_data_yolo\images\train\IMG_7411.JPG","F:\YOLO\YOLO_custom\yolo-dinobackbone-bypassdepth\depth_data\depth_train","IMG_7411",""
"train","F:\YOLO\YOLO_custom\yolo-dinobackbone-bypassdepth\seg_data_yolo\images\train\IMG_7412.JPG","F:\YOLO\YOLO_custom\yolo-dinobackbone-bypassdepth\depth_data\depth_train","IMG_7412",""
"train","F:\YOLO\YOLO_custom\yolo-dinobackbone-bypassdepth\seg_data_yolo\images\train\IMG_7414.JPG","F:\YOLO\YOLO_custom\yolo-dinobackbone-bypassdepth\depth_data\depth_train","IMG_7414",""
"train","F:\YOLO\YOLO_custom\yolo-dinobackbone-bypassdepth\seg_data_yolo\images\train\IMG_7415.JPG","F:\YOLO\YOLO_custom\yolo-dinobackbone-bypassdepth\depth_data\depth_train","IMG_7415",""
"train","F:\YOLO\YOLO_custom\yolo-dinobackbone-bypassdepth\seg_data_yolo\images\train\IMG_7416.JPG","F:\YOLO\YOLO_custom\yolo-dinobackbone-bypassdepth\depth_data\depth_train","IMG_7416",""
"train","F:\YOLO\YOLO_custom\yolo-dinobackbone-bypassdepth\seg_data_yolo\images\train\IMG_7417.JPG","F:\YOLO\YOLO_custom\yolo-dinobackbone-bypassdepth\depth_data\depth_train","IMG_7417",""
"train","F:\YOLO\YOLO_custom\yolo-dinobackbone-bypassdepth\seg_data_yolo\images\train\IMG_7420.JPG","F:\YOLO\YOLO_custom\yolo-dinobackbone-bypassdepth\depth_data\depth_train","IMG_7420",""
"train","F:\YOLO\YOLO_custom\yolo-dinobackbone-bypassdepth\seg_data_yolo\images\train\IMG_7421.JPG","F:\YOLO\YOLO_custom\yolo-dinobackbone-bypassdepth\depth_data\depth_train","IMG_7421",""
"train","F:\YOLO\YOLO_custom\yolo-dinobackbone-bypassdepth\seg_data_yolo\images\train\IMG_7423.JPG","F:\YOLO\YOLO_custom\yolo-dinobackbone-bypassdepth\depth_data\depth_train","IMG_7423",""
"train","F:\YOLO\YOLO_custom\yolo-dinobackbone-bypassdepth\seg_data_yolo\images\train\IMG_7424.JPG","F:\YOLO\YOLO_custom\yolo-dinobackbone-bypassdepth\depth_data\depth_train","IMG_7424",""
"train","F:\YOLO\YOLO_custom\yolo-dinobackbone-bypassdepth\seg_data_yolo\images\train\IMG_7425.JPG","F:\YOLO\YOLO_custom\yolo-dinobackbone-bypassdepth\depth_data\depth_train","IMG_7425",""
"train","F:\YOLO\YOLO_custom\yolo-dinobackbone-bypassdepth\seg_data_yolo\images\train\IMG_7426.JPG","F:\YOLO\YOLO_custom\yolo-dinobackbone-bypassdepth\depth_data\depth_train","IMG_7426",""
"train","F:\YOLO\YOLO_custom\yolo-dinobackbone-bypassdepth\seg_data_yolo\images\train\IMG_7428.JPG","F:\YOLO\YOLO_custom\yolo-dinobackbone-bypassdepth\depth_data\depth_train","IMG_7428",""
"train","F:\YOLO\YOLO_custom\yolo-dinobackbone-bypassdepth\seg_data_yolo\images\train\IMG_7429.JPG","F:\YOLO\YOLO_custom\yolo-dinobackbone-bypassdepth\depth_data\depth_train","IMG_7429",""
"train","F:\YOLO\YOLO_custom\yolo-dinobackbone-bypassdepth\seg_data_yolo\images\train\IMG_7430.JPG","F:\YOLO\YOLO_custom\yolo-dinobackbone-bypassdepth\depth_data\depth_train","IMG_7430",""
"train","F:\YOLO\YOLO_custom\yolo-dinobackbone-bypassdepth\seg_data_yolo\images\train\IMG_7434.JPG","F:\YOLO\YOLO_custom\yolo-dinobackbone-bypassdepth\depth_data\depth_train","IMG_7434",""
"train","F:\YOLO\YOLO_custom\yolo-dinobackbone-bypassdepth\seg_data_yolo\images\train\IMG_7435.JPG","F:\YOLO\YOLO_custom\yolo-dinobackbone-bypassdepth\depth_data\depth_train","IMG_7435",""
"train","F:\YOLO\YOLO_custom\yolo-dinobackbone-bypassdepth\seg_data_yolo\images\train\IMG_7437.JPG","F:\YOLO\YOLO_custom\yolo-dinobackbone-bypassdepth\depth_data\depth_train","IMG_7437",""
"train","F:\YOLO\YOLO_custom\yolo-dinobackbone-bypassdepth\seg_data_yolo\images\train\IMG_7438.JPG","F:\YOLO\YOLO_custom\yolo-dinobackbone-bypassdepth\depth_data\depth_train","IMG_7438",""
"train","F:\YOLO\YOLO_custom\yolo-dinobackbone-bypassdepth\seg_data_yolo\images\train\IMG_7440.JPG","F:\YOLO\YOLO_custom\yolo-dinobackbone-bypassdepth\depth_data\depth_train","IMG_7440",""
"train","F:\YOLO\YOLO_custom\yolo-dinobackbone-bypassdepth\seg_data_yolo\images\train\IMG_7441.JPG","F:\YOLO\YOLO_custom\yolo-dinobackbone-bypassdepth\depth_data\depth_train","IMG_7441",""
"train","F:\YOLO\YOLO_custom\yolo-dinobackbone-bypassdepth\seg_data_yolo\images\train\IMG_7445.JPG","F:\YOLO\YOLO_custom\yolo-dinobackbone-bypassdepth\depth_data\depth_train","IMG_7445",""
"train","F:\YOLO\YOLO_custom\yolo-dinobackbone-bypassdepth\seg_data_yolo\images\train\IMG_7448.JPG","F:\YOLO\YOLO_custom\yolo-dinobackbone-bypassdepth\depth_data\depth_train","IMG_7448",""
"train","F:\YOLO\YOLO_custom\yolo-dinobackbone-bypassdepth\seg_data_yolo\images\train\IMG_7449.JPG","F:\YOLO\YOLO_custom\yolo-dinobackbone-bypassdepth\depth_data\depth_train","IMG_7449",""
"train","F:\YOLO\YOLO_custom\yolo-dinobackbone-bypassdepth\seg_data_yolo\images\train\IMG_7450.JPG","F:\YOLO\YOLO_custom\yolo-dinobackbone-bypassdepth\depth_data\depth_train","IMG_7450",""
"train","F:\YOLO\YOLO_custom\yolo-dinobackbone-bypassdepth\seg_data_yolo\images\train\IMG_7451.JPG","F:\YOLO\YOLO_custom\yolo-dinobackbone-bypassdepth\depth_data\depth_train","IMG_7451",""
"train","F:\YOLO\YOLO_custom\yolo-dinobackbone-bypassdepth\seg_data_yolo\images\train\IMG_7452.JPG","F:\YOLO\YOLO_custom\yolo-dinobackbone-bypassdepth\depth_data\depth_train","IMG_7452",""
"train","F:\YOLO\YOLO_custom\yolo-dinobackbone-bypassdepth\seg_data_yolo\images\train\IMG_7453.JPG","F:\YOLO\YOLO_custom\yolo-dinobackbone-bypassdepth\depth_data\depth_train","IMG_7453",""
"train","F:\YOLO\YOLO_custom\yolo-dinobackbone-bypassdepth\seg_data_yolo\images\train\IMG_7454.JPG","F:\YOLO\YOLO_custom\yolo-dinobackbone-bypassdepth\depth_data\depth_train","IMG_7454",""
"train","F:\YOLO\YOLO_custom\yolo-dinobackbone-bypassdepth\seg_data_yolo\images\train\IMG_7455.JPG","F:\YOLO\YOLO_custom\yolo-dinobackbone-bypassdepth\depth_data\depth_train","IMG_7455",""
"train","F:\YOLO\YOLO_custom\yolo-dinobackbone-bypassdepth\seg_data_yolo\images\train\IMG_7457.JPG","F:\YOLO\YOLO_custom\yolo-dinobackbone-bypassdepth\depth_data\depth_train","IMG_7457",""
"train","F:\YOLO\YOLO_custom\yolo-dinobackbone-bypassdepth\seg_data_yolo\images\train\IMG_7458.JPG","F:\YOLO\YOLO_custom\yolo-dinobackbone-bypassdepth\depth_data\depth_train","IMG_7458",""
"train","F:\YOLO\YOLO_custom\yolo-dinobackbone-bypassdepth\seg_data_yolo\images\train\IMG_7461.JPG","F:\YOLO\YOLO_custom\yolo-dinobackbone-bypassdepth\depth_data\depth_train","IMG_7461",""
"train","F:\YOLO\YOLO_custom\yolo-dinobackbone-bypassdepth\seg_data_yolo\images\train\IMG_7462.JPG","F:\YOLO\YOLO_custom\yolo-dinobackbone-bypassdepth\depth_data\depth_train","IMG_7462",""
"train","F:\YOLO\YOLO_custom\yolo-dinobackbone-bypassdepth\seg_data_yolo\images\train\IMG_7463.JPG","F:\YOLO\YOLO_custom\yolo-dinobackbone-bypassdepth\depth_data\depth_train","IMG_7463",""
"train","F:\YOLO\YOLO_custom\yolo-dinobackbone-bypassdepth\seg_data_yolo\images\train\IMG_7465.JPG","F:\YOLO\YOLO_custom\yolo-dinobackbone-bypassdepth\depth_data\depth_train","IMG_7465",""
"train","F:\YOLO\YOLO_custom\yolo-dinobackbone-bypassdepth\seg_data_yolo\images\train\IMG_7466.JPG","F:\YOLO\YOLO_custom\yolo-dinobackbone-bypassdepth\depth_data\depth_train","IMG_7466",""
"train","F:\YOLO\YOLO_custom\yolo-dinobackbone-bypassdepth\seg_data_yolo\images\train\IMG_7468.JPG","F:\YOLO\YOLO_custom\yolo-dinobackbone-bypassdepth\depth_data\depth_train","IMG_7468",""
"train","F:\YOLO\YOLO_custom\yolo-dinobackbone-bypassdepth\seg_data_yolo\images\train\IMG_7469.JPG","F:\YOLO\YOLO_custom\yolo-dinobackbone-bypassdepth\depth_data\depth_train","IMG_7469",""
"train","F:\YOLO\YOLO_custom\yolo-dinobackbone-bypassdepth\seg_data_yolo\images\train\IMG_7470.JPG","F:\YOLO\YOLO_custom\yolo-dinobackbone-bypassdepth\depth_data\depth_train","IMG_7470","F:\YOLO\YOLO_custom\yolo-dinobackbone-bypassdepth\depth_data\depth_train\IMG_7470(1).png | F:\YOLO\YOLO_custom\yolo-dinobackbone-bypassdepth\depth_data\depth_train\IMG_7470(1)new.png"
"train","F:\YOLO\YOLO_custom\yolo-dinobackbone-bypassdepth\seg_data_yolo\images\train\IMG_7471.JPG","F:\YOLO\YOLO_custom\yolo-dinobackbone-bypassdepth\depth_data\depth_train","IMG_7471",""
"train","F:\YOLO\YOLO_custom\yolo-dinobackbone-bypassdepth\seg_data_yolo\images\train\IMG_7472.JPG","F:\YOLO\YOLO_custom\yolo-dinobackbone-bypassdepth\depth_data\depth_train","IMG_7472",""
"train","F:\YOLO\YOLO_custom\yolo-dinobackbone-bypassdepth\seg_data_yolo\images\train\IMG_7473.JPG","F:\YOLO\YOLO_custom\yolo-dinobackbone-bypassdepth\depth_data\depth_train","IMG_7473",""
"train","F:\YOLO\YOLO_custom\yolo-dinobackbone-bypassdepth\seg_data_yolo\images\train\IMG_7474.JPG","F:\YOLO\YOLO_custom\yolo-dinobackbone-bypassdepth\depth_data\depth_train","IMG_7474","F:\YOLO\YOLO_custom\yolo-dinobackbone-bypassdepth\depth_data\depth_train\IMG_7474(2)new.png | F:\YOLO\YOLO_custom\yolo-dinobackbone-bypassdepth\depth_data\depth_valid\IMG_7474(1)new.png"
"train","F:\YOLO\YOLO_custom\yolo-dinobackbone-bypassdepth\seg_data_yolo\images\train\IMG_7479.JPG","F:\YOLO\YOLO_custom\yolo-dinobackbone-bypassdepth\depth_data\depth_train","IMG_7479","F:\YOLO\YOLO_custom\yolo-dinobackbone-bypassdepth\depth_data\depth_train\IMG_7479(1)new.png"
"train","F:\YOLO\YOLO_custom\yolo-dinobackbone-bypassdepth\seg_data_yolo\images\train\IMG_7480.JPG","F:\YOLO\YOLO_custom\yolo-dinobackbone-bypassdepth\depth_data\depth_train","IMG_7480","F:\YOLO\YOLO_custom\yolo-dinobackbone-bypassdepth\depth_data\depth_train\IMG_7480(1)new.png | F:\YOLO\YOLO_custom\yolo-dinobackbone-bypassdepth\depth_data\depth_valid\IMG_7480(2)new.png"
"train","F:\YOLO\YOLO_custom\yolo-dinobackbone-bypassdepth\seg_data_yolo\images\train\IMG_7482.JPG","F:\YOLO\YOLO_custom\yolo-dinobackbone-bypassdepth\depth_data\depth_train","IMG_7482",""
"train","F:\YOLO\YOLO_custom\yolo-dinobackbone-bypassdepth\seg_data_yolo\images\train\IMG_7483.JPG","F:\YOLO\YOLO_custom\yolo-dinobackbone-bypassdepth\depth_data\depth_train","IMG_7483","F:\YOLO\YOLO_custom\yolo-dinobackbone-bypassdepth\depth_data\depth_train\IMG_7483(1)new.png"
"train","F:\YOLO\YOLO_custom\yolo-dinobackbone-bypassdepth\seg_data_yolo\images\train\IMG_7484.JPG","F:\YOLO\YOLO_custom\yolo-dinobackbone-bypassdepth\depth_data\depth_train","IMG_7484",""
"train","F:\YOLO\YOLO_custom\yolo-dinobackbone-bypassdepth\seg_data_yolo\images\train\IMG_7485.JPG","F:\YOLO\YOLO_custom\yolo-dinobackbone-bypassdepth\depth_data\depth_train","IMG_7485",""
"train","F:\YOLO\YOLO_custom\yolo-dinobackbone-bypassdepth\seg_data_yolo\images\train\IMG_7486.JPG","F:\YOLO\YOLO_custom\yolo-dinobackbone-bypassdepth\depth_data\depth_train","IMG_7486","F:\YOLO\YOLO_custom\yolo-dinobackbone-bypassdepth\depth_data\depth_train\IMG_7486(1)new.png"
"train","F:\YOLO\YOLO_custom\yolo-dinobackbone-bypassdepth\seg_data_yolo\images\train\IMG_7488.JPG","F:\YOLO\YOLO_custom\yolo-dinobackbone-bypassdepth\depth_data\depth_train","IMG_7488",""
"train","F:\YOLO\YOLO_custom\yolo-dinobackbone-bypassdepth\seg_data_yolo\images\train\IMG_7489.JPG","F:\YOLO\YOLO_custom\yolo-dinobackbone-bypassdepth\depth_data\depth_train","IMG_7489","F:\YOLO\YOLO_custom\yolo-dinobackbone-bypassdepth\depth_data\depth_train\IMG_7489(1).png"
"train","F:\YOLO\YOLO_custom\yolo-dinobackbone-bypassdepth\seg_data_yolo\images\train\IMG_7492.JPG","F:\YOLO\YOLO_custom\yolo-dinobackbone-bypassdepth\depth_data\depth_train","IMG_7492","F:\YOLO\YOLO_custom\yolo-dinobackbone-bypassdepth\depth_data\depth_train\IMG_7492(1)new.png"
"train","F:\YOLO\YOLO_custom\yolo-dinobackbone-bypassdepth\seg_data_yolo\images\train\IMG_7493.JPG","F:\YOLO\YOLO_custom\yolo-dinobackbone-bypassdepth\depth_data\depth_train","IMG_7493","F:\YOLO\YOLO_custom\yolo-dinobackbone-bypassdepth\depth_data\depth_train\IMG_7493(1)new.png | F:\YOLO\YOLO_custom\yolo-dinobackbone-bypassdepth\depth_data\depth_train\IMG_7493(2)new.png"
"train","F:\YOLO\YOLO_custom\yolo-dinobackbone-bypassdepth\seg_data_yolo\images\train\IMG_7495.JPG","F:\YOLO\YOLO_custom\yolo-dinobackbone-bypassdepth\depth_data\depth_train","IMG_7495","F:\YOLO\YOLO_custom\yolo-dinobackbone-bypassdepth\depth_data\depth_train\IMG_7495(1)new.png | F:\YOLO\YOLO_custom\yolo-dinobackbone-bypassdepth\depth_data\depth_train\IMG_7495(2)new.png"
"train","F:\YOLO\YOLO_custom\yolo-dinobackbone-bypassdepth\seg_data_yolo\images\train\IMG_7496.JPG","F:\YOLO\YOLO_custom\yolo-dinobackbone-bypassdepth\depth_data\depth_train","IMG_7496",""
"train","F:\YOLO\YOLO_custom\yolo-dinobackbone-bypassdepth\seg_data_yolo\images\train\IMG_7498.JPG","F:\YOLO\YOLO_custom\yolo-dinobackbone-bypassdepth\depth_data\depth_train","IMG_7498","F:\YOLO\YOLO_custom\yolo-dinobackbone-bypassdepth\depth_data\depth_train\IMG_7498(1)new.png"
"train","F:\YOLO\YOLO_custom\yolo-dinobackbone-bypassdepth\seg_data_yolo\images\train\IMG_7500.JPG","F:\YOLO\YOLO_custom\yolo-dinobackbone-bypassdepth\depth_data\depth_train","IMG_7500","F:\YOLO\YOLO_custom\yolo-dinobackbone-bypassdepth\depth_data\depth_train\IMG_7500(1)new.png"
"train","F:\YOLO\YOLO_custom\yolo-dinobackbone-bypassdepth\seg_data_yolo\images\train\IMG_7502.JPG","F:\YOLO\YOLO_custom\yolo-dinobackbone-bypassdepth\depth_data\depth_train","IMG_7502",""
"train","F:\YOLO\YOLO_custom\yolo-dinobackbone-bypassdepth\seg_data_yolo\images\train\IMG_7503.JPG","F:\YOLO\YOLO_custom\yolo-dinobackbone-bypassdepth\depth_data\depth_train","IMG_7503","F:\YOLO\YOLO_custom\yolo-dinobackbone-bypassdepth\depth_data\depth_train\IMG_7503(1)new.png"
"train","F:\YOLO\YOLO_custom\yolo-dinobackbone-bypassdepth\seg_data_yolo\images\train\IMG_7504.JPG","F:\YOLO\YOLO_custom\yolo-dinobackbone-bypassdepth\depth_data\depth_train","IMG_7504","F:\YOLO\YOLO_custom\yolo-dinobackbone-bypassdepth\depth_data\depth_train\IMG_7504(1)new.png | F:\YOLO\YOLO_custom\yolo-dinobackbone-bypassdepth\depth_data\depth_valid\IMG_7504(1).png"
"train","F:\YOLO\YOLO_custom\yolo-dinobackbone-bypassdepth\seg_data_yolo\images\train\IMG_7505.JPG","F:\YOLO\YOLO_custom\yolo-dinobackbone-bypassdepth\depth_data\depth_train","IMG_7505","F:\YOLO\YOLO_custom\yolo-dinobackbone-bypassdepth\depth_data\depth_train\IMG_7505(1)new.png"
"train","F:\YOLO\YOLO_custom\yolo-dinobackbone-bypassdepth\seg_data_yolo\images\train\IMG_7506.JPG","F:\YOLO\YOLO_custom\yolo-dinobackbone-bypassdepth\depth_data\depth_train","IMG_7506",""
"train","F:\YOLO\YOLO_custom\yolo-dinobackbone-bypassdepth\seg_data_yolo\images\train\IMG_7507.JPG","F:\YOLO\YOLO_custom\yolo-dinobackbone-bypassdepth\depth_data\depth_train","IMG_7507",""
"train","F:\YOLO\YOLO_custom\yolo-dinobackbone-bypassdepth\seg_data_yolo\images\train\IMG_7508.JPG","F:\YOLO\YOLO_custom\yolo-dinobackbone-bypassdepth\depth_data\depth_train","IMG_7508",""
"train","F:\YOLO\YOLO_custom\yolo-dinobackbone-bypassdepth\seg_data_yolo\images\train\IMG_7509.JPG","F:\YOLO\YOLO_custom\yolo-dinobackbone-bypassdepth\depth_data\depth_train","IMG_7509",""
"train","F:\YOLO\YOLO_custom\yolo-dinobackbone-bypassdepth\seg_data_yolo\images\train\IMG_7510.JPG","F:\YOLO\YOLO_custom\yolo-dinobackbone-bypassdepth\depth_data\depth_train","IMG_7510","F:\YOLO\YOLO_custom\yolo-dinobackbone-bypassdepth\depth_data\depth_test\IMG_7510(1)new.png"
"train","F:\YOLO\YOLO_custom\yolo-dinobackbone-bypassdepth\seg_data_yolo\images\train\IMG_7511.JPG","F:\YOLO\YOLO_custom\yolo-dinobackbone-bypassdepth\depth_data\depth_train","IMG_7511","F:\YOLO\YOLO_custom\yolo-dinobackbone-bypassdepth\depth_data\depth_train\IMG_7511(1).png | F:\YOLO\YOLO_custom\yolo-dinobackbone-bypassdepth\depth_data\depth_train\IMG_7511(1)new.png | F:\YOLO\YOLO_custom\yolo-dinobackbone-bypassdepth\depth_data\depth_train\IMG_7511(2)new.png"
"train","F:\YOLO\YOLO_custom\yolo-dinobackbone-bypassdepth\seg_data_yolo\images\train\IMG_7512.JPG","F:\YOLO\YOLO_custom\yolo-dinobackbone-bypassdepth\depth_data\depth_train","IMG_7512",""
"train","F:\YOLO\YOLO_custom\yolo-dinobackbone-bypassdepth\seg_data_yolo\images\train\IMG_7513.JPG","F:\YOLO\YOLO_custom\yolo-dinobackbone-bypassdepth\depth_data\depth_train","IMG_7513",""
"train","F:\YOLO\YOLO_custom\yolo-dinobackbone-bypassdepth\seg_data_yolo\images\train\IMG_7516.JPG","F:\YOLO\YOLO_custom\yolo-dinobackbone-bypassdepth\depth_data\depth_train","IMG_7516",""
"train","F:\YOLO\YOLO_custom\yolo-dinobackbone-bypassdepth\seg_data_yolo\images\train\IMG_7517.JPG","F:\YOLO\YOLO_custom\yolo-dinobackbone-bypassdepth\depth_data\depth_train","IMG_7517",""
"train","F:\YOLO\YOLO_custom\yolo-dinobackbone-bypassdepth\seg_data_yolo\images\train\IMG_7518.JPG","F:\YOLO\YOLO_custom\yolo-dinobackbone-bypassdepth\depth_data\depth_train","IMG_7518","F:\YOLO\YOLO_custom\yolo-dinobackbone-bypassdepth\depth_data\depth_test\IMG_7518(1)new.png | F:\YOLO\YOLO_custom\yolo-dinobackbone-bypassdepth\depth_data\depth_valid\IMG_7518(2)new.png"
"train","F:\YOLO\YOLO_custom\yolo-dinobackbone-bypassdepth\seg_data_yolo\images\train\IMG_7519.JPG","F:\YOLO\YOLO_custom\yolo-dinobackbone-bypassdepth\depth_data\depth_train","IMG_7519",""
"train","F:\YOLO\YOLO_custom\yolo-dinobackbone-bypassdepth\seg_data_yolo\images\train\IMG_7520.JPG","F:\YOLO\YOLO_custom\yolo-dinobackbone-bypassdepth\depth_data\depth_train","IMG_7520","F:\YOLO\YOLO_custom\yolo-dinobackbone-bypassdepth\depth_data\depth_test\IMG_7520(1)new.png"
"train","F:\YOLO\YOLO_custom\yolo-dinobackbone-bypassdepth\seg_data_yolo\images\train\IMG_7522.JPG","F:\YOLO\YOLO_custom\yolo-dinobackbone-bypassdepth\depth_data\depth_train","IMG_7522","F:\YOLO\YOLO_custom\yolo-dinobackbone-bypassdepth\depth_data\depth_train\IMG_7522(1).png | F:\YOLO\YOLO_custom\yolo-dinobackbone-bypassdepth\depth_data\depth_train\IMG_7522(1)new.png"
"train","F:\YOLO\YOLO_custom\yolo-dinobackbone-bypassdepth\seg_data_yolo\images\train\IMG_7524.JPG","F:\YOLO\YOLO_custom\yolo-dinobackbone-bypassdepth\depth_data\depth_train","IMG_7524","F:\YOLO\YOLO_custom\yolo-dinobackbone-bypassdepth\depth_data\depth_train\IMG_7524(1).png | F:\YOLO\YOLO_custom\yolo-dinobackbone-bypassdepth\depth_data\depth_train\IMG_7524(1)new.png"
"train","F:\YOLO\YOLO_custom\yolo-dinobackbone-bypassdepth\seg_data_yolo\images\train\IMG_7526.JPG","F:\YOLO\YOLO_custom\yolo-dinobackbone-bypassdepth\depth_data\depth_train","IMG_7526",""
"train","F:\YOLO\YOLO_custom\yolo-dinobackbone-bypassdepth\seg_data_yolo\images\train\IMG_7527.JPG","F:\YOLO\YOLO_custom\yolo-dinobackbone-bypassdepth\depth_data\depth_train","IMG_7527",""
"train","F:\YOLO\YOLO_custom\yolo-dinobackbone-bypassdepth\seg_data_yolo\images\train\IMG_7528.JPG","F:\YOLO\YOLO_custom\yolo-dinobackbone-bypassdepth\depth_data\depth_train","IMG_7528","F:\YOLO\YOLO_custom\yolo-dinobackbone-bypassdepth\depth_data\depth_test\IMG_7528(1)new.png"
"train","F:\YOLO\YOLO_custom\yolo-dinobackbone-bypassdepth\seg_data_yolo\images\train\IMG_7529.JPG","F:\YOLO\YOLO_custom\yolo-dinobackbone-bypassdepth\depth_data\depth_train","IMG_7529","F:\YOLO\YOLO_custom\yolo-dinobackbone-bypassdepth\depth_data\depth_train\IMG_7529(1).png | F:\YOLO\YOLO_custom\yolo-dinobackbone-bypassdepth\depth_data\depth_train\IMG_7529(1)new.png"
"train","F:\YOLO\YOLO_custom\yolo-dinobackbone-bypassdepth\seg_data_yolo\images\train\IMG_7531.JPG","F:\YOLO\YOLO_custom\yolo-dinobackbone-bypassdepth\depth_data\depth_train","IMG_7531",""
"train","F:\YOLO\YOLO_custom\yolo-dinobackbone-bypassdepth\seg_data_yolo\images\train\IMG_7532.JPG","F:\YOLO\YOLO_custom\yolo-dinobackbone-bypassdepth\depth_data\depth_train","IMG_7532",""
"train","F:\YOLO\YOLO_custom\yolo-dinobackbone-bypassdepth\seg_data_yolo\images\train\IMG_7533.JPG","F:\YOLO\YOLO_custom\yolo-dinobackbone-bypassdepth\depth_data\depth_train","IMG_7533",""
"train","F:\YOLO\YOLO_custom\yolo-dinobackbone-bypassdepth\seg_data_yolo\images\train\IMG_7535.JPG","F:\YOLO\YOLO_custom\yolo-dinobackbone-bypassdepth\depth_data\depth_train","IMG_7535",""
"train","F:\YOLO\YOLO_custom\yolo-dinobackbone-bypassdepth\seg_data_yolo\images\train\IMG_7536.JPG","F:\YOLO\YOLO_custom\yolo-dinobackbone-bypassdepth\depth_data\depth_train","IMG_7536","F:\YOLO\YOLO_custom\yolo-dinobackbone-bypassdepth\depth_data\depth_train\IMG_7536(1)new.png"
"train","F:\YOLO\YOLO_custom\yolo-dinobackbone-bypassdepth\seg_data_yolo\images\train\IMG_7537.JPG","F:\YOLO\YOLO_custom\yolo-dinobackbone-bypassdepth\depth_data\depth_train","IMG_7537","F:\YOLO\YOLO_custom\yolo-dinobackbone-bypassdepth\depth_data\depth_train\IMG_7537(1)new.png"
"train","F:\YOLO\YOLO_custom\yolo-dinobackbone-bypassdepth\seg_data_yolo\images\train\IMG_7539.JPG","F:\YOLO\YOLO_custom\yolo-dinobackbone-bypassdepth\depth_data\depth_train","IMG_7539","F:\YOLO\YOLO_custom\yolo-dinobackbone-bypassdepth\depth_data\depth_train\IMG_7539(1)new.png | F:\YOLO\YOLO_custom\yolo-dinobackbone-bypassdepth\depth_data\depth_train\IMG_7539(2)new.png"
"train","F:\YOLO\YOLO_custom\yolo-dinobackbone-bypassdepth\seg_data_yolo\images\train\IMG_7540.JPG","F:\YOLO\YOLO_custom\yolo-dinobackbone-bypassdepth\depth_data\depth_train","IMG_7540","F:\YOLO\YOLO_custom\yolo-dinobackbone-bypassdepth\depth_data\depth_train\IMG_7540(1)new.png"
"train","F:\YOLO\YOLO_custom\yolo-dinobackbone-bypassdepth\seg_data_yolo\images\train\IMG_7541.JPG","F:\YOLO\YOLO_custom\yolo-dinobackbone-bypassdepth\depth_data\depth_train","IMG_7541",""
"train","F:\YOLO\YOLO_custom\yolo-dinobackbone-bypassdepth\seg_data_yolo\images\train\IMG_7542.JPG","F:\YOLO\YOLO_custom\yolo-dinobackbone-bypassdepth\depth_data\depth_train","IMG_7542","F:\YOLO\YOLO_custom\yolo-dinobackbone-bypassdepth\depth_data\depth_test\IMG_7542(1)new.png"
"train","F:\YOLO\YOLO_custom\yolo-dinobackbone-bypassdepth\seg_data_yolo\images\train\IMG_7543.JPG","F:\YOLO\YOLO_custom\yolo-dinobackbone-bypassdepth\depth_data\depth_train","IMG_7543",""
"train","F:\YOLO\YOLO_custom\yolo-dinobackbone-bypassdepth\seg_data_yolo\images\train\IMG_7544.JPG","F:\YOLO\YOLO_custom\yolo-dinobackbone-bypassdepth\depth_data\depth_train","IMG_7544","F:\YOLO\YOLO_custom\yolo-dinobackbone-bypassdepth\depth_data\depth_train\IMG_7544(1)new.png | F:\YOLO\YOLO_custom\yolo-dinobackbone-bypassdepth\depth_data\depth_train\IMG_7544(3)new.png | F:\YOLO\YOLO_custom\yolo-dinobackbone-bypassdepth\depth_data\depth_valid\IMG_7544(2)new.png"
"train","F:\YOLO\YOLO_custom\yolo-dinobackbone-bypassdepth\seg_data_yolo\images\train\IMG_7546.JPG","F:\YOLO\YOLO_custom\yolo-dinobackbone-bypassdepth\depth_data\depth_train","IMG_7546","F:\YOLO\YOLO_custom\yolo-dinobackbone-bypassdepth\depth_data\depth_train\IMG_7546(1)new.png"
"train","F:\YOLO\YOLO_custom\yolo-dinobackbone-bypassdepth\seg_data_yolo\images\train\IMG_7547.JPG","F:\YOLO\YOLO_custom\yolo-dinobackbone-bypassdepth\depth_data\depth_train","IMG_7547",""
"train","F:\YOLO\YOLO_custom\yolo-dinobackbone-bypassdepth\seg_data_yolo\images\train\IMG_7549.JPG","F:\YOLO\YOLO_custom\yolo-dinobackbone-bypassdepth\depth_data\depth_train","IMG_7549","F:\YOLO\YOLO_custom\yolo-dinobackbone-bypassdepth\depth_data\depth_train\IMG_7549(1)new.png"
"train","F:\YOLO\YOLO_custom\yolo-dinobackbone-bypassdepth\seg_data_yolo\images\train\IMG_7550.JPG","F:\YOLO\YOLO_custom\yolo-dinobackbone-bypassdepth\depth_data\depth_train","IMG_7550","F:\YOLO\YOLO_custom\yolo-dinobackbone-bypassdepth\depth_data\depth_test\IMG_7550(1)new.png | F:\YOLO\YOLO_custom\yolo-dinobackbone-bypassdepth\depth_data\depth_train\IMG_7550(2)new.png | F:\YOLO\YOLO_custom\yolo-dinobackbone-bypassdepth\depth_data\depth_train\IMG_7550(3)new.png"
"train","F:\YOLO\YOLO_custom\yolo-dinobackbone-bypassdepth\seg_data_yolo\images\train\IMG_7551.JPG","F:\YOLO\YOLO_custom\yolo-dinobackbone-bypassdepth\depth_data\depth_train","IMG_7551","F:\YOLO\YOLO_custom\yolo-dinobackbone-bypassdepth\depth_data\depth_train\IMG_7551(1)new.png"
"train","F:\YOLO\YOLO_custom\yolo-dinobackbone-bypassdepth\seg_data_yolo\images\train\IMG_7552.JPG","F:\YOLO\YOLO_custom\yolo-dinobackbone-bypassdepth\depth_data\depth_train","IMG_7552","F:\YOLO\YOLO_custom\yolo-dinobackbone-bypassdepth\depth_data\depth_train\IMG_7552(1)new.png"
"train","F:\YOLO\YOLO_custom\yolo-dinobackbone-bypassdepth\seg_data_yolo\images\train\IMG_7554.JPG","F:\YOLO\YOLO_custom\yolo-dinobackbone-bypassdepth\depth_data\depth_train","IMG_7554","F:\YOLO\YOLO_custom\yolo-dinobackbone-bypassdepth\depth_data\depth_train\IMG_7554(1)new.png"
"train","F:\YOLO\YOLO_custom\yolo-dinobackbone-bypassdepth\seg_data_yolo\images\train\IMG_7555.JPG","F:\YOLO\YOLO_custom\yolo-dinobackbone-bypassdepth\depth_data\depth_train","IMG_7555","F:\YOLO\YOLO_custom\yolo-dinobackbone-bypassdepth\depth_data\depth_test\IMG_7555(1)new.png"
"train","F:\YOLO\YOLO_custom\yolo-dinobackbone-bypassdepth\seg_data_yolo\images\train\IMG_7556.JPG","F:\YOLO\YOLO_custom\yolo-dinobackbone-bypassdepth\depth_data\depth_train","IMG_7556",""
"train","F:\YOLO\YOLO_custom\yolo-dinobackbone-bypassdepth\seg_data_yolo\images\train\IMG_7557.JPG","F:\YOLO\YOLO_custom\yolo-dinobackbone-bypassdepth\depth_data\depth_train","IMG_7557","F:\YOLO\YOLO_custom\yolo-dinobackbone-bypassdepth\depth_data\depth_train\IMG_7557(1)new.png | F:\YOLO\YOLO_custom\yolo-dinobackbone-bypassdepth\depth_data\depth_train\IMG_7557(2)new.png"
"train","F:\YOLO\YOLO_custom\yolo-dinobackbone-bypassdepth\seg_data_yolo\images\train\IMG_7560.JPG","F:\YOLO\YOLO_custom\yolo-dinobackbone-bypassdepth\depth_data\depth_train","IMG_7560","F:\YOLO\YOLO_custom\yolo-dinobackbone-bypassdepth\depth_data\depth_train\IMG_7560(1)new.png"
"train","F:\YOLO\YOLO_custom\yolo-dinobackbone-bypassdepth\seg_data_yolo\images\train\IMG_7561.JPG","F:\YOLO\YOLO_custom\yolo-dinobackbone-bypassdepth\depth_data\depth_train","IMG_7561","F:\YOLO\YOLO_custom\yolo-dinobackbone-bypassdepth\depth_data\depth_test\IMG_7561(1)new.png"
"train","F:\YOLO\YOLO_custom\yolo-dinobackbone-bypassdepth\seg_data_yolo\images\train\IMG_7564.JPG","F:\YOLO\YOLO_custom\yolo-dinobackbone-bypassdepth\depth_data\depth_train","IMG_7564",""
"train","F:\YOLO\YOLO_custom\yolo-dinobackbone-bypassdepth\seg_data_yolo\images\train\IMG_7565.JPG","F:\YOLO\YOLO_custom\yolo-dinobackbone-bypassdepth\depth_data\depth_train","IMG_7565",""
"train","F:\YOLO\YOLO_custom\yolo-dinobackbone-bypassdepth\seg_data_yolo\images\train\IMG_7566.JPG","F:\YOLO\YOLO_custom\yolo-dinobackbone-bypassdepth\depth_data\depth_train","IMG_7566","F:\YOLO\YOLO_custom\yolo-dinobackbone-bypassdepth\depth_data\depth_train\IMG_7566(1)new.png"
"train","F:\YOLO\YOLO_custom\yolo-dinobackbone-bypassdepth\seg_data_yolo\images\train\IMG_7567.JPG","F:\YOLO\YOLO_custom\yolo-dinobackbone-bypassdepth\depth_data\depth_train","IMG_7567","F:\YOLO\YOLO_custom\yolo-dinobackbone-bypassdepth\depth_data\depth_train\IMG_7567(1)new.png"
"train","F:\YOLO\YOLO_custom\yolo-dinobackbone-bypassdepth\seg_data_yolo\images\train\IMG_7568.JPG","F:\YOLO\YOLO_custom\yolo-dinobackbone-bypassdepth\depth_data\depth_train","IMG_7568","F:\YOLO\YOLO_custom\yolo-dinobackbone-bypassdepth\depth_data\depth_train\IMG_7568(1)new.png"
"train","F:\YOLO\YOLO_custom\yolo-dinobackbone-bypassdepth\seg_data_yolo\images\train\IMG_7569.JPG","F:\YOLO\YOLO_custom\yolo-dinobackbone-bypassdepth\depth_data\depth_train","IMG_7569",""
"train","F:\YOLO\YOLO_custom\yolo-dinobackbone-bypassdepth\seg_data_yolo\images\train\IMG_7571.JPG","F:\YOLO\YOLO_custom\yolo-dinobackbone-bypassdepth\depth_data\depth_train","IMG_7571",""
"train","F:\YOLO\YOLO_custom\yolo-dinobackbone-bypassdepth\seg_data_yolo\images\train\IMG_7572.JPG","F:\YOLO\YOLO_custom\yolo-dinobackbone-bypassdepth\depth_data\depth_train","IMG_7572","F:\YOLO\YOLO_custom\yolo-dinobackbone-bypassdepth\depth_data\depth_train\IMG_7572(1)new.png"
"train","F:\YOLO\YOLO_custom\yolo-dinobackbone-bypassdepth\seg_data_yolo\images\train\IMG_7573.JPG","F:\YOLO\YOLO_custom\yolo-dinobackbone-bypassdepth\depth_data\depth_train","IMG_7573",""
"train","F:\YOLO\YOLO_custom\yolo-dinobackbone-bypassdepth\seg_data_yolo\images\train\IMG_7574.JPG","F:\YOLO\YOLO_custom\yolo-dinobackbone-bypassdepth\depth_data\depth_train","IMG_7574","F:\YOLO\YOLO_custom\yolo-dinobackbone-bypassdepth\depth_data\depth_test\IMG_7574(1)new.png"
"train","F:\YOLO\YOLO_custom\yolo-dinobackbone-bypassdepth\seg_data_yolo\images\train\IMG_7575.JPG","F:\YOLO\YOLO_custom\yolo-dinobackbone-bypassdepth\depth_data\depth_train","IMG_7575",""
"train","F:\YOLO\YOLO_custom\yolo-dinobackbone-bypassdepth\seg_data_yolo\images\train\IMG_7576.JPG","F:\YOLO\YOLO_custom\yolo-dinobackbone-bypassdepth\depth_data\depth_train","IMG_7576",""
"train","F:\YOLO\YOLO_custom\yolo-dinobackbone-bypassdepth\seg_data_yolo\images\train\IMG_7577.JPG","F:\YOLO\YOLO_custom\yolo-dinobackbone-bypassdepth\depth_data\depth_train","IMG_7577","F:\YOLO\YOLO_custom\yolo-dinobackbone-bypassdepth\depth_data\depth_test\IMG_7577(1)new.png"
"train","F:\YOLO\YOLO_custom\yolo-dinobackbone-bypassdepth\seg_data_yolo\images\train\IMG_7579.JPG","F:\YOLO\YOLO_custom\yolo-dinobackbone-bypassdepth\depth_data\depth_train","IMG_7579",""
"train","F:\YOLO\YOLO_custom\yolo-dinobackbone-bypassdepth\seg_data_yolo\images\train\IMG_7580.JPG","F:\YOLO\YOLO_custom\yolo-dinobackbone-bypassdepth\depth_data\depth_train","IMG_7580",""
"train","F:\YOLO\YOLO_custom\yolo-dinobackbone-bypassdepth\seg_data_yolo\images\train\IMG_7581.JPG","F:\YOLO\YOLO_custom\yolo-dinobackbone-bypassdepth\depth_data\depth_train","IMG_7581",""
"train","F:\YOLO\YOLO_custom\yolo-dinobackbone-bypassdepth\seg_data_yolo\images\train\IMG_7583.JPG","F:\YOLO\YOLO_custom\yolo-dinobackbone-bypassdepth\depth_data\depth_train","IMG_7583",""
"train","F:\YOLO\YOLO_custom\yolo-dinobackbone-bypassdepth\seg_data_yolo\images\train\IMG_7585.JPG","F:\YOLO\YOLO_custom\yolo-dinobackbone-bypassdepth\depth_data\depth_train","IMG_7585",""
"train","F:\YOLO\YOLO_custom\yolo-dinobackbone-bypassdepth\seg_data_yolo\images\train\IMG_7586.JPG","F:\YOLO\YOLO_custom\yolo-dinobackbone-bypassdepth\depth_data\depth_train","IMG_7586",""
"train","F:\YOLO\YOLO_custom\yolo-dinobackbone-bypassdepth\seg_data_yolo\images\train\IMG_7587.JPG","F:\YOLO\YOLO_custom\yolo-dinobackbone-bypassdepth\depth_data\depth_train","IMG_7587",""
"train","F:\YOLO\YOLO_custom\yolo-dinobackbone-bypassdepth\seg_data_yolo\images\train\IMG_7588.JPG","F:\YOLO\YOLO_custom\yolo-dinobackbone-bypassdepth\depth_data\depth_train","IMG_7588",""
"train","F:\YOLO\YOLO_custom\yolo-dinobackbone-bypassdepth\seg_data_yolo\images\train\IMG_7589.JPG","F:\YOLO\YOLO_custom\yolo-dinobackbone-bypassdepth\depth_data\depth_train","IMG_7589",""
"train","F:\YOLO\YOLO_custom\yolo-dinobackbone-bypassdepth\seg_data_yolo\images\train\IMG_7590.JPG","F:\YOLO\YOLO_custom\yolo-dinobackbone-bypassdepth\depth_data\depth_train","IMG_7590",""
"train","F:\YOLO\YOLO_custom\yolo-dinobackbone-bypassdepth\seg_data_yolo\images\train\IMG_7592.JPG","F:\YOLO\YOLO_custom\yolo-dinobackbone-bypassdepth\depth_data\depth_train","IMG_7592",""
"train","F:\YOLO\YOLO_custom\yolo-dinobackbone-bypassdepth\seg_data_yolo\images\train\IMG_7593.JPG","F:\YOLO\YOLO_custom\yolo-dinobackbone-bypassdepth\depth_data\depth_train","IMG_7593",""
"train","F:\YOLO\YOLO_custom\yolo-dinobackbone-bypassdepth\seg_data_yolo\images\train\IMG_7595.JPG","F:\YOLO\YOLO_custom\yolo-dinobackbone-bypassdepth\depth_data\depth_train","IMG_7595",""
"train","F:\YOLO\YOLO_custom\yolo-dinobackbone-bypassdepth\seg_data_yolo\images\train\IMG_7597.JPG","F:\YOLO\YOLO_custom\yolo-dinobackbone-bypassdepth\depth_data\depth_train","IMG_7597",""
"train","F:\YOLO\YOLO_custom\yolo-dinobackbone-bypassdepth\seg_data_yolo\images\train\IMG_7598.JPG","F:\YOLO\YOLO_custom\yolo-dinobackbone-bypassdepth\depth_data\depth_train","IMG_7598",""
"train","F:\YOLO\YOLO_custom\yolo-dinobackbone-bypassdepth\seg_data_yolo\images\train\IMG_7600.JPG","F:\YOLO\YOLO_custom\yolo-dinobackbone-bypassdepth\depth_data\depth_train","IMG_7600",""
"train","F:\YOLO\YOLO_custom\yolo-dinobackbone-bypassdepth\seg_data_yolo\images\train\IMG_7601.JPG","F:\YOLO\YOLO_custom\yolo-dinobackbone-bypassdepth\depth_data\depth_train","IMG_7601","F:\YOLO\YOLO_custom\yolo-dinobackbone-bypassdepth\depth_data\depth_train\IMG_7601(1).png | F:\YOLO\YOLO_custom\yolo-dinobackbone-bypassdepth\depth_data\depth_train\IMG_7601(2).png | F:\YOLO\YOLO_custom\yolo-dinobackbone-bypassdepth\depth_data\depth_valid\IMG_7601(1)new.png"
"train","F:\YOLO\YOLO_custom\yolo-dinobackbone-bypassdepth\seg_data_yolo\images\train\IMG_7603.JPG","F:\YOLO\YOLO_custom\yolo-dinobackbone-bypassdepth\depth_data\depth_train","IMG_7603","F:\YOLO\YOLO_custom\yolo-dinobackbone-bypassdepth\depth_data\depth_train\IMG_7603(1)new.png"
"train","F:\YOLO\YOLO_custom\yolo-dinobackbone-bypassdepth\seg_data_yolo\images\train\IMG_7605.JPG","F:\YOLO\YOLO_custom\yolo-dinobackbone-bypassdepth\depth_data\depth_train","IMG_7605",""
"train","F:\YOLO\YOLO_custom\yolo-dinobackbone-bypassdepth\seg_data_yolo\images\train\IMG_7606.JPG","F:\YOLO\YOLO_custom\yolo-dinobackbone-bypassdepth\depth_data\depth_train","IMG_7606",""
"train","F:\YOLO\YOLO_custom\yolo-dinobackbone-bypassdepth\seg_data_yolo\images\train\IMG_7607.JPG","F:\YOLO\YOLO_custom\yolo-dinobackbone-bypassdepth\depth_data\depth_train","IMG_7607",""
"train","F:\YOLO\YOLO_custom\yolo-dinobackbone-bypassdepth\seg_data_yolo\images\train\IMG_7608.JPG","F:\YOLO\YOLO_custom\yolo-dinobackbone-bypassdepth\depth_data\depth_train","IMG_7608",""
"train","F:\YOLO\YOLO_custom\yolo-dinobackbone-bypassdepth\seg_data_yolo\images\train\IMG_7609.JPG","F:\YOLO\YOLO_custom\yolo-dinobackbone-bypassdepth\depth_data\depth_train","IMG_7609",""
"train","F:\YOLO\YOLO_custom\yolo-dinobackbone-bypassdepth\seg_data_yolo\images\train\IMG_7610.JPG","F:\YOLO\YOLO_custom\yolo-dinobackbone-bypassdepth\depth_data\depth_train","IMG_7610",""
"train","F:\YOLO\YOLO_custom\yolo-dinobackbone-bypassdepth\seg_data_yolo\images\train\IMG_7611.JPG","F:\YOLO\YOLO_custom\yolo-dinobackbone-bypassdepth\depth_data\depth_train","IMG_7611","F:\YOLO\YOLO_custom\yolo-dinobackbone-bypassdepth\depth_data\depth_train\IMG_7611(1).png | F:\YOLO\YOLO_custom\yolo-dinobackbone-bypassdepth\depth_data\depth_train\IMG_7611(1)new.png | F:\YOLO\YOLO_custom\yolo-dinobackbone-bypassdepth\depth_data\depth_valid\IMG_7611(2)new.png"
"train","F:\YOLO\YOLO_custom\yolo-dinobackbone-bypassdepth\seg_data_yolo\images\train\IMG_7612.JPG","F:\YOLO\YOLO_custom\yolo-dinobackbone-bypassdepth\depth_data\depth_train","IMG_7612",""
"train","F:\YOLO\YOLO_custom\yolo-dinobackbone-bypassdepth\seg_data_yolo\images\train\IMG_7613.JPG","F:\YOLO\YOLO_custom\yolo-dinobackbone-bypassdepth\depth_data\depth_train","IMG_7613","F:\YOLO\YOLO_custom\yolo-dinobackbone-bypassdepth\depth_data\depth_train\IMG_7613(1).png | F:\YOLO\YOLO_custom\yolo-dinobackbone-bypassdepth\depth_data\depth_train\IMG_7613(1)new.png"
"train","F:\YOLO\YOLO_custom\yolo-dinobackbone-bypassdepth\seg_data_yolo\images\train\IMG_7616.JPG","F:\YOLO\YOLO_custom\yolo-dinobackbone-bypassdepth\depth_data\depth_train","IMG_7616","F:\YOLO\YOLO_custom\yolo-dinobackbone-bypassdepth\depth_data\depth_train\IMG_7616(1)new.png"
"train","F:\YOLO\YOLO_custom\yolo-dinobackbone-bypassdepth\seg_data_yolo\images\train\IMG_7617.JPG","F:\YOLO\YOLO_custom\yolo-dinobackbone-bypassdepth\depth_data\depth_train","IMG_7617",""
"train","F:\YOLO\YOLO_custom\yolo-dinobackbone-bypassdepth\seg_data_yolo\images\train\IMG_7618.JPG","F:\YOLO\YOLO_custom\yolo-dinobackbone-bypassdepth\depth_data\depth_train","IMG_7618",""
"train","F:\YOLO\YOLO_custom\yolo-dinobackbone-bypassdepth\seg_data_yolo\images\train\IMG_7619.JPG","F:\YOLO\YOLO_custom\yolo-dinobackbone-bypassdepth\depth_data\depth_train","IMG_7619",""
"train","F:\YOLO\YOLO_custom\yolo-dinobackbone-bypassdepth\seg_data_yolo\images\train\IMG_7621.JPG","F:\YOLO\YOLO_custom\yolo-dinobackbone-bypassdepth\depth_data\depth_train","IMG_7621","F:\YOLO\YOLO_custom\yolo-dinobackbone-bypassdepth\depth_data\depth_train\IMG_7621(1)new.png"
"train","F:\YOLO\YOLO_custom\yolo-dinobackbone-bypassdepth\seg_data_yolo\images\train\IMG_7622.JPG","F:\YOLO\YOLO_custom\yolo-dinobackbone-bypassdepth\depth_data\depth_train","IMG_7622","F:\YOLO\YOLO_custom\yolo-dinobackbone-bypassdepth\depth_data\depth_train\IMG_7622()new.png | F:\YOLO\YOLO_custom\yolo-dinobackbone-bypassdepth\depth_data\depth_train\IMG_7622(1)new.png"
"train","F:\YOLO\YOLO_custom\yolo-dinobackbone-bypassdepth\seg_data_yolo\images\train\IMG_7623.JPG","F:\YOLO\YOLO_custom\yolo-dinobackbone-bypassdepth\depth_data\depth_train","IMG_7623","F:\YOLO\YOLO_custom\yolo-dinobackbone-bypassdepth\depth_data\depth_train\IMG_7623(1)new.png | F:\YOLO\YOLO_custom\yolo-dinobackbone-bypassdepth\depth_data\depth_train\IMG_7623(2)new.png"
"train","F:\YOLO\YOLO_custom\yolo-dinobackbone-bypassdepth\seg_data_yolo\images\train\IMG_7624.JPG","F:\YOLO\YOLO_custom\yolo-dinobackbone-bypassdepth\depth_data\depth_train","IMG_7624","F:\YOLO\YOLO_custom\yolo-dinobackbone-bypassdepth\depth_data\depth_train\IMG_7624(1)new.png | F:\YOLO\YOLO_custom\yolo-dinobackbone-bypassdepth\depth_data\depth_train\IMG_7624(2)new.png | F:\YOLO\YOLO_custom\yolo-dinobackbone-bypassdepth\depth_data\depth_train\IMG_7624(3)new.png"
"train","F:\YOLO\YOLO_custom\yolo-dinobackbone-bypassdepth\seg_data_yolo\images\train\IMG_7625.JPG","F:\YOLO\YOLO_custom\yolo-dinobackbone-bypassdepth\depth_data\depth_train","IMG_7625","F:\YOLO\YOLO_custom\yolo-dinobackbone-bypassdepth\depth_data\depth_train\IMG_7625(1)new.png"
"train","F:\YOLO\YOLO_custom\yolo-dinobackbone-bypassdepth\seg_data_yolo\images\train\IMG_7626.JPG","F:\YOLO\YOLO_custom\yolo-dinobackbone-bypassdepth\depth_data\depth_train","IMG_7626","F:\YOLO\YOLO_custom\yolo-dinobackbone-bypassdepth\depth_data\depth_train\IMG_7626(1)new.png"
"train","F:\YOLO\YOLO_custom\yolo-dinobackbone-bypassdepth\seg_data_yolo\images\train\IMG_7627.JPG","F:\YOLO\YOLO_custom\yolo-dinobackbone-bypassdepth\depth_data\depth_train","IMG_7627","F:\YOLO\YOLO_custom\yolo-dinobackbone-bypassdepth\depth_data\depth_train\IMG_7627(2)new.png | F:\YOLO\YOLO_custom\yolo-dinobackbone-bypassdepth\depth_data\depth_valid\IMG_7627(1)new.png"
"train","F:\YOLO\YOLO_custom\yolo-dinobackbone-bypassdepth\seg_data_yolo\images\train\IMG_7628.JPG","F:\YOLO\YOLO_custom\yolo-dinobackbone-bypassdepth\depth_data\depth_train","IMG_7628",""
"train","F:\YOLO\YOLO_custom\yolo-dinobackbone-bypassdepth\seg_data_yolo\images\train\IMG_7629.JPG","F:\YOLO\YOLO_custom\yolo-dinobackbone-bypassdepth\depth_data\depth_train","IMG_7629","F:\YOLO\YOLO_custom\yolo-dinobackbone-bypassdepth\depth_data\depth_train\IMG_7629(1)new.png | F:\YOLO\YOLO_custom\yolo-dinobackbone-bypassdepth\depth_data\depth_train\IMG_7629(2)new.png"
"train","F:\YOLO\YOLO_custom\yolo-dinobackbone-bypassdepth\seg_data_yolo\images\train\IMG_7630.JPG","F:\YOLO\YOLO_custom\yolo-dinobackbone-bypassdepth\depth_data\depth_train","IMG_7630","F:\YOLO\YOLO_custom\yolo-dinobackbone-bypassdepth\depth_data\depth_train\IMG_7630(1).png | F:\YOLO\YOLO_custom\yolo-dinobackbone-bypassdepth\depth_data\depth_train\IMG_7630(1)new.png"
"train","F:\YOLO\YOLO_custom\yolo-dinobackbone-bypassdepth\seg_data_yolo\images\train\IMG_7631.JPG","F:\YOLO\YOLO_custom\yolo-dinobackbone-bypassdepth\depth_data\depth_train","IMG_7631","F:\YOLO\YOLO_custom\yolo-dinobackbone-bypassdepth\depth_data\depth_train\IMG_7631(1).png | F:\YOLO\YOLO_custom\yolo-dinobackbone-bypassdepth\depth_data\depth_train\IMG_7631(1)new.png"
"train","F:\YOLO\YOLO_custom\yolo-dinobackbone-bypassdepth\seg_data_yolo\images\train\IMG_7632.JPG","F:\YOLO\YOLO_custom\yolo-dinobackbone-bypassdepth\depth_data\depth_train","IMG_7632",""
"train","F:\YOLO\YOLO_custom\yolo-dinobackbone-bypassdepth\seg_data_yolo\images\train\IMG_7634.JPG","F:\YOLO\YOLO_custom\yolo-dinobackbone-bypassdepth\depth_data\depth_train","IMG_7634","F:\YOLO\YOLO_custom\yolo-dinobackbone-bypassdepth\depth_data\depth_train\IMG_7634(1)new.png"
"val","F:\YOLO\YOLO_custom\yolo-dinobackbone-bypassdepth\seg_data_yolo\images\val\IMG_7397.JPG","F:\YOLO\YOLO_custom\yolo-dinobackbone-bypassdepth\depth_data\depth_valid","IMG_7397",""
"val","F:\YOLO\YOLO_custom\yolo-dinobackbone-bypassdepth\seg_data_yolo\images\val\IMG_7427.JPG","F:\YOLO\YOLO_custom\yolo-dinobackbone-bypassdepth\depth_data\depth_valid","IMG_7427",""
"val","F:\YOLO\YOLO_custom\yolo-dinobackbone-bypassdepth\seg_data_yolo\images\val\IMG_7431.JPG","F:\YOLO\YOLO_custom\yolo-dinobackbone-bypassdepth\depth_data\depth_valid","IMG_7431",""
"val","F:\YOLO\YOLO_custom\yolo-dinobackbone-bypassdepth\seg_data_yolo\images\val\IMG_7443.JPG","F:\YOLO\YOLO_custom\yolo-dinobackbone-bypassdepth\depth_data\depth_valid","IMG_7443",""
"val","F:\YOLO\YOLO_custom\yolo-dinobackbone-bypassdepth\seg_data_yolo\images\val\IMG_7459.JPG","F:\YOLO\YOLO_custom\yolo-dinobackbone-bypassdepth\depth_data\depth_valid","IMG_7459",""
"val","F:\YOLO\YOLO_custom\yolo-dinobackbone-bypassdepth\seg_data_yolo\images\val\IMG_7460.JPG","F:\YOLO\YOLO_custom\yolo-dinobackbone-bypassdepth\depth_data\depth_valid","IMG_7460",""
"val","F:\YOLO\YOLO_custom\yolo-dinobackbone-bypassdepth\seg_data_yolo\images\val\IMG_7481.JPG","F:\YOLO\YOLO_custom\yolo-dinobackbone-bypassdepth\depth_data\depth_valid","IMG_7481","F:\YOLO\YOLO_custom\yolo-dinobackbone-bypassdepth\depth_data\depth_train\IMG_7481(1)new.png"
"val","F:\YOLO\YOLO_custom\yolo-dinobackbone-bypassdepth\seg_data_yolo\images\val\IMG_7491.JPG","F:\YOLO\YOLO_custom\yolo-dinobackbone-bypassdepth\depth_data\depth_valid","IMG_7491",""
"val","F:\YOLO\YOLO_custom\yolo-dinobackbone-bypassdepth\seg_data_yolo\images\val\IMG_7494.JPG","F:\YOLO\YOLO_custom\yolo-dinobackbone-bypassdepth\depth_data\depth_valid","IMG_7494",""
"val","F:\YOLO\YOLO_custom\yolo-dinobackbone-bypassdepth\seg_data_yolo\images\val\IMG_7497.JPG","F:\YOLO\YOLO_custom\yolo-dinobackbone-bypassdepth\depth_data\depth_valid","IMG_7497",""
"val","F:\YOLO\YOLO_custom\yolo-dinobackbone-bypassdepth\seg_data_yolo\images\val\IMG_7499.JPG","F:\YOLO\YOLO_custom\yolo-dinobackbone-bypassdepth\depth_data\depth_valid","IMG_7499","F:\YOLO\YOLO_custom\yolo-dinobackbone-bypassdepth\depth_data\depth_train\IMG_7499(1)new.png"
"val","F:\YOLO\YOLO_custom\yolo-dinobackbone-bypassdepth\seg_data_yolo\images\val\IMG_7501.JPG","F:\YOLO\YOLO_custom\yolo-dinobackbone-bypassdepth\depth_data\depth_valid","IMG_7501","F:\YOLO\YOLO_custom\yolo-dinobackbone-bypassdepth\depth_data\depth_train\IMG_7501(1)new.png"
"val","F:\YOLO\YOLO_custom\yolo-dinobackbone-bypassdepth\seg_data_yolo\images\val\IMG_7521.JPG","F:\YOLO\YOLO_custom\yolo-dinobackbone-bypassdepth\depth_data\depth_valid","IMG_7521","F:\YOLO\YOLO_custom\yolo-dinobackbone-bypassdepth\depth_data\depth_test\IMG_7521(1).png | F:\YOLO\YOLO_custom\yolo-dinobackbone-bypassdepth\depth_data\depth_valid\IMG_7521(2)new.png"
"val","F:\YOLO\YOLO_custom\yolo-dinobackbone-bypassdepth\seg_data_yolo\images\val\IMG_7525.JPG","F:\YOLO\YOLO_custom\yolo-dinobackbone-bypassdepth\depth_data\depth_valid","IMG_7525",""
"val","F:\YOLO\YOLO_custom\yolo-dinobackbone-bypassdepth\seg_data_yolo\images\val\IMG_7534.JPG","F:\YOLO\YOLO_custom\yolo-dinobackbone-bypassdepth\depth_data\depth_valid","IMG_7534",""
"val","F:\YOLO\YOLO_custom\yolo-dinobackbone-bypassdepth\seg_data_yolo\images\val\IMG_7553.JPG","F:\YOLO\YOLO_custom\yolo-dinobackbone-bypassdepth\depth_data\depth_valid","IMG_7553","F:\YOLO\YOLO_custom\yolo-dinobackbone-bypassdepth\depth_data\depth_train\IMG_7553(1)new.png"
"val","F:\YOLO\YOLO_custom\yolo-dinobackbone-bypassdepth\seg_data_yolo\images\val\IMG_7578.JPG","F:\YOLO\YOLO_custom\yolo-dinobackbone-bypassdepth\depth_data\depth_valid","IMG_7578",""
"val","F:\YOLO\YOLO_custom\yolo-dinobackbone-bypassdepth\seg_data_yolo\images\val\IMG_7582.JPG","F:\YOLO\YOLO_custom\yolo-dinobackbone-bypassdepth\depth_data\depth_valid","IMG_7582",""
"val","F:\YOLO\YOLO_custom\yolo-dinobackbone-bypassdepth\seg_data_yolo\images\val\IMG_7591.JPG","F:\YOLO\YOLO_custom\yolo-dinobackbone-bypassdepth\depth_data\depth_valid","IMG_7591",""
"val","F:\YOLO\YOLO_custom\yolo-dinobackbone-bypassdepth\seg_data_yolo\images\val\IMG_7594.JPG","F:\YOLO\YOLO_custom\yolo-dinobackbone-bypassdepth\depth_data\depth_valid","IMG_7594",""
"val","F:\YOLO\YOLO_custom\yolo-dinobackbone-bypassdepth\seg_data_yolo\images\val\IMG_7620.JPG","F:\YOLO\YOLO_custom\yolo-dinobackbone-bypassdepth\depth_data\depth_valid","IMG_7620","F:\YOLO\YOLO_custom\yolo-dinobackbone-bypassdepth\depth_data\depth_train\IMG_7620(1)new.png"
"val","F:\YOLO\YOLO_custom\yolo-dinobackbone-bypassdepth\seg_data_yolo\images\val\IMG_7633.JPG","F:\YOLO\YOLO_custom\yolo-dinobackbone-bypassdepth\depth_data\depth_valid","IMG_7633",""
"val","F:\YOLO\YOLO_custom\yolo-dinobackbone-bypassdepth\seg_data_yolo\images\val\IMG_7635.JPG","F:\YOLO\YOLO_custom\yolo-dinobackbone-bypassdepth\depth_data\depth_valid","IMG_7635","F:\YOLO\YOLO_custom\yolo-dinobackbone-bypassdepth\depth_data\depth_train\IMG_7635(1)new.png | F:\YOLO\YOLO_custom\yolo-dinobackbone-bypassdepth\depth_data\depth_train\IMG_7635(2)new.png"
"test","F:\YOLO\YOLO_custom\yolo-dinobackbone-bypassdepth\seg_data_yolo\images\test\IMG_7396.JPG","F:\YOLO\YOLO_custom\yolo-dinobackbone-bypassdepth\depth_data\depth_test","IMG_7396",""
"test","F:\YOLO\YOLO_custom\yolo-dinobackbone-bypassdepth\seg_data_yolo\images\test\IMG_7407.JPG","F:\YOLO\YOLO_custom\yolo-dinobackbone-bypassdepth\depth_data\depth_test","IMG_7407",""
"test","F:\YOLO\YOLO_custom\yolo-dinobackbone-bypassdepth\seg_data_yolo\images\test\IMG_7418.JPG","F:\YOLO\YOLO_custom\yolo-dinobackbone-bypassdepth\depth_data\depth_test","IMG_7418",""
"test","F:\YOLO\YOLO_custom\yolo-dinobackbone-bypassdepth\seg_data_yolo\images\test\IMG_7422.JPG","F:\YOLO\YOLO_custom\yolo-dinobackbone-bypassdepth\depth_data\depth_test","IMG_7422",""
"test","F:\YOLO\YOLO_custom\yolo-dinobackbone-bypassdepth\seg_data_yolo\images\test\IMG_7439.JPG","F:\YOLO\YOLO_custom\yolo-dinobackbone-bypassdepth\depth_data\depth_test","IMG_7439",""
"test","F:\YOLO\YOLO_custom\yolo-dinobackbone-bypassdepth\seg_data_yolo\images\test\IMG_7446.JPG","F:\YOLO\YOLO_custom\yolo-dinobackbone-bypassdepth\depth_data\depth_test","IMG_7446",""
"test","F:\YOLO\YOLO_custom\yolo-dinobackbone-bypassdepth\seg_data_yolo\images\test\IMG_7447.JPG","F:\YOLO\YOLO_custom\yolo-dinobackbone-bypassdepth\depth_data\depth_test","IMG_7447",""
"test","F:\YOLO\YOLO_custom\yolo-dinobackbone-bypassdepth\seg_data_yolo\images\test\IMG_7464.JPG","F:\YOLO\YOLO_custom\yolo-dinobackbone-bypassdepth\depth_data\depth_test","IMG_7464",""
"test","F:\YOLO\YOLO_custom\yolo-dinobackbone-bypassdepth\seg_data_yolo\images\test\IMG_7467.JPG","F:\YOLO\YOLO_custom\yolo-dinobackbone-bypassdepth\depth_data\depth_test","IMG_7467",""
"test","F:\YOLO\YOLO_custom\yolo-dinobackbone-bypassdepth\seg_data_yolo\images\test\IMG_7475.JPG","F:\YOLO\YOLO_custom\yolo-dinobackbone-bypassdepth\depth_data\depth_test","IMG_7475","F:\YOLO\YOLO_custom\yolo-dinobackbone-bypassdepth\depth_data\depth_train\IMG_7475(1).png | F:\YOLO\YOLO_custom\yolo-dinobackbone-bypassdepth\depth_data\depth_train\IMG_7475(1)new.png"
"test","F:\YOLO\YOLO_custom\yolo-dinobackbone-bypassdepth\seg_data_yolo\images\test\IMG_7476.JPG","F:\YOLO\YOLO_custom\yolo-dinobackbone-bypassdepth\depth_data\depth_test","IMG_7476","F:\YOLO\YOLO_custom\yolo-dinobackbone-bypassdepth\depth_data\depth_train\IMG_7476(1)new.png | F:\YOLO\YOLO_custom\yolo-dinobackbone-bypassdepth\depth_data\depth_valid\IMG_7476(2)new.png"
"test","F:\YOLO\YOLO_custom\yolo-dinobackbone-bypassdepth\seg_data_yolo\images\test\IMG_7477.JPG","F:\YOLO\YOLO_custom\yolo-dinobackbone-bypassdepth\depth_data\depth_test","IMG_7477",""
"test","F:\YOLO\YOLO_custom\yolo-dinobackbone-bypassdepth\seg_data_yolo\images\test\IMG_7490.JPG","F:\YOLO\YOLO_custom\yolo-dinobackbone-bypassdepth\depth_data\depth_test","IMG_7490",""
"test","F:\YOLO\YOLO_custom\yolo-dinobackbone-bypassdepth\seg_data_yolo\images\test\IMG_7514.JPG","F:\YOLO\YOLO_custom\yolo-dinobackbone-bypassdepth\depth_data\depth_test","IMG_7514",""
"test","F:\YOLO\YOLO_custom\yolo-dinobackbone-bypassdepth\seg_data_yolo\images\test\IMG_7523.JPG","F:\YOLO\YOLO_custom\yolo-dinobackbone-bypassdepth\depth_data\depth_test","IMG_7523","F:\YOLO\YOLO_custom\yolo-dinobackbone-bypassdepth\depth_data\depth_train\IMG_7523(1)new.png"
"test","F:\YOLO\YOLO_custom\yolo-dinobackbone-bypassdepth\seg_data_yolo\images\test\IMG_7530.JPG","F:\YOLO\YOLO_custom\yolo-dinobackbone-bypassdepth\depth_data\depth_test","IMG_7530","F:\YOLO\YOLO_custom\yolo-dinobackbone-bypassdepth\depth_data\depth_train\IMG_7530(1)new.png"
"test","F:\YOLO\YOLO_custom\yolo-dinobackbone-bypassdepth\seg_data_yolo\images\test\IMG_7538.JPG","F:\YOLO\YOLO_custom\yolo-dinobackbone-bypassdepth\depth_data\depth_test","IMG_7538",""
"test","F:\YOLO\YOLO_custom\yolo-dinobackbone-bypassdepth\seg_data_yolo\images\test\IMG_7545.JPG","F:\YOLO\YOLO_custom\yolo-dinobackbone-bypassdepth\depth_data\depth_test","IMG_7545","F:\YOLO\YOLO_custom\yolo-dinobackbone-bypassdepth\depth_data\depth_train\IMG_7545(1).png | F:\YOLO\YOLO_custom\yolo-dinobackbone-bypassdepth\depth_data\depth_train\IMG_7545(1)new.png"
"test","F:\YOLO\YOLO_custom\yolo-dinobackbone-bypassdepth\seg_data_yolo\images\test\IMG_7548.JPG","F:\YOLO\YOLO_custom\yolo-dinobackbone-bypassdepth\depth_data\depth_test","IMG_7548","F:\YOLO\YOLO_custom\yolo-dinobackbone-bypassdepth\depth_data\depth_train\IMG_7548(1)new.png"
"test","F:\YOLO\YOLO_custom\yolo-dinobackbone-bypassdepth\seg_data_yolo\images\test\IMG_7558.JPG","F:\YOLO\YOLO_custom\yolo-dinobackbone-bypassdepth\depth_data\depth_test","IMG_7558",""
"test","F:\YOLO\YOLO_custom\yolo-dinobackbone-bypassdepth\seg_data_yolo\images\test\IMG_7559.JPG","F:\YOLO\YOLO_custom\yolo-dinobackbone-bypassdepth\depth_data\depth_test","IMG_7559","F:\YOLO\YOLO_custom\yolo-dinobackbone-bypassdepth\depth_data\depth_train\IMG_7559(1).png | F:\YOLO\YOLO_custom\yolo-dinobackbone-bypassdepth\depth_data\depth_train\IMG_7559(1)new.png"
"test","F:\YOLO\YOLO_custom\yolo-dinobackbone-bypassdepth\seg_data_yolo\images\test\IMG_7563.JPG","F:\YOLO\YOLO_custom\yolo-dinobackbone-bypassdepth\depth_data\depth_test","IMG_7563","F:\YOLO\YOLO_custom\yolo-dinobackbone-bypassdepth\depth_data\depth_train\IMG_7563(1).png | F:\YOLO\YOLO_custom\yolo-dinobackbone-bypassdepth\depth_data\depth_train\IMG_7563(1)new.png"
"test","F:\YOLO\YOLO_custom\yolo-dinobackbone-bypassdepth\seg_data_yolo\images\test\IMG_7570.JPG","F:\YOLO\YOLO_custom\yolo-dinobackbone-bypassdepth\depth_data\depth_test","IMG_7570",""
"test","F:\YOLO\YOLO_custom\yolo-dinobackbone-bypassdepth\seg_data_yolo\images\test\IMG_7584.JPG","F:\YOLO\YOLO_custom\yolo-dinobackbone-bypassdepth\depth_data\depth_test","IMG_7584",""
"test","F:\YOLO\YOLO_custom\yolo-dinobackbone-bypassdepth\seg_data_yolo\images\test\IMG_7596.JPG","F:\YOLO\YOLO_custom\yolo-dinobackbone-bypassdepth\depth_data\depth_test","IMG_7596",""
"test","F:\YOLO\YOLO_custom\yolo-dinobackbone-bypassdepth\seg_data_yolo\images\test\IMG_7599.JPG","F:\YOLO\YOLO_custom\yolo-dinobackbone-bypassdepth\depth_data\depth_test","IMG_7599",""
"test","F:\YOLO\YOLO_custom\yolo-dinobackbone-bypassdepth\seg_data_yolo\images\test\IMG_7602.JPG","F:\YOLO\YOLO_custom\yolo-dinobackbone-bypassdepth\depth_data\depth_test","IMG_7602",""
"test","F:\YOLO\YOLO_custom\yolo-dinobackbone-bypassdepth\seg_data_yolo\images\test\IMG_7604.JPG","F:\YOLO\YOLO_custom\yolo-dinobackbone-bypassdepth\depth_data\depth_test","IMG_7604",""
"test","F:\YOLO\YOLO_custom\yolo-dinobackbone-bypassdepth\seg_data_yolo\images\test\IMG_7614.JPG","F:\YOLO\YOLO_custom\yolo-dinobackbone-bypassdepth\depth_data\depth_test","IMG_7614",""
"test","F:\YOLO\YOLO_custom\yolo-dinobackbone-bypassdepth\seg_data_yolo\images\test\IMG_7615.JPG","F:\YOLO\YOLO_custom\yolo-dinobackbone-bypassdepth\depth_data\depth_test","IMG_7615",""
